Disease;Description;Precaution_1;Precaution_2;Precaution_3;Precaution_4;Enfermedad;Descripcion;Precaucion_1;Precaucion_2;Precaucion_3;Precaucion_4;Precaucion_5
Drug Reaction;An adverse drug reaction (ADR) is an injury caused by taking medication. ADRs may occur following a single dose or prolonged administration of a drug or result from the combination of two or more drugs.;stop irritation;consult nearest hospital;stop taking drug;follow up;Reacción adversa a medicamentos;Una reacción adversa a medicamentos (RAM) es una lesión causada por la toma de medicamentos. Las RAM pueden ocurrir después de una sola dosis, la administración prolongada de un medicamento o como resultado de la combinación de dos o más medicamentos.;Suspender el medicamento bajo supervisión médica: Consultar al médico inmediatamente para suspender el medicamento responsable de la reacción y recibir alternativas adecuadas.;Mantener una lista de medicamentos: Informar siempre a los profesionales de la salud sobre todos los medicamentos y suplementos que se están tomando para evitar posibles interacciones.;Monitorear los síntomas: Observar atentamente los síntomas después de tomar un medicamento nuevo y comunicarse con el médico si aparecen erupciones, dificultad para respirar u otros signos adversos.;Tomar la dosis recomendada: Evitar exceder la dosis indicada del medicamento, ya que esto puede aumentar el riesgo de efectos secundarios y reacciones adversas.;Leer la información del prospecto: Revisar cuidadosamente el prospecto del medicamento para conocer posibles efectos secundarios y actuar rápidamente en caso de presentarse alguno.
Malaria;An infectious disease caused by protozoan parasites from the Plasmodium family that can be transmitted by the bite of the Anopheles mosquito or by a contaminated needle or transfusion. Falciparum malaria is the most deadly type.;Consult nearest hospital;avoid oily food;avoid non veg food;keep mosquitos out;Malaria;Una enfermedad infecciosa causada por parásitos protozoarios de la familia Plasmodium que se transmite por la picadura del mosquito Anopheles o por una aguja contaminada o transfusión. La malaria por falciparum es el tipo más mortal.;Usar mosquiteros tratados con insecticida: Dormir bajo mosquiteros tratados con insecticida para prevenir las picaduras de mosquitos que transmiten la malaria.;Aplicar repelente de insectos: Utilizar repelentes en la piel y la ropa, especialmente en áreas con alta prevalencia de malaria.;Tomar medicamentos antipalúdicos: Seguir un régimen de profilaxis antipalúdica antes, durante y después de viajar a zonas endémicas.;Evitar actividades al aire libre al amanecer y atardecer: Los mosquitos transmisores de malaria son más activos durante estas horas del día.;Usar ropa de manga larga y colores claros: Vestir prendas que cubran la mayor parte del cuerpo para reducir el riesgo de picaduras.
Allergy;An allergy is an immune system response to a foreign substance that's not typically harmful to your body.They can include certain foods, pollen, or pet dander. Your immune system's job is to keep you healthy by fighting harmful pathogens.;apply calamine;cover area with bandage;;use ice to compress itching;Alergia;Una alergia es una respuesta del sistema inmunológico a una sustancia extraña que normalmente no es dañina para tu cuerpo. Estas sustancias pueden incluir ciertos alimentos, polen o caspa de mascotas. La función del sistema inmunológico es mantenerte sano luchando contra patógenos dañinos.;Evitar alérgenos conocidos: Identificar y evitar el contacto con alérgenos como polvo, polen, ciertos alimentos y caspa de animales.;Tomar antihistamínicos recetados: Usar medicamentos antihistamínicos según las indicaciones para reducir los síntomas de alergia.;Mantener una buena limpieza en el hogar: Limpiar regularmente para reducir la presencia de ácaros, moho y otros desencadenantes de alergias.;Utilizar purificadores de aire: Colocar un purificador de aire en el hogar para eliminar alérgenos del aire y mejorar la calidad del aire interior.;Llevar siempre epinefrina inyectable: Si tiene alergia grave, portar un autoinyector de epinefrina para emergencias de anafilaxia.
Hypothyroidism;Hypothyroidism, also called underactive thyroid or low thyroid, is a disorder of the endocrine system in which the thyroid gland does not produce enough thyroid hormone.;reduce stress;exercise;eat healthy;get proper sleep;Hipotiroidismo;El hipotiroidismo, también llamado tiroides hipoactiva o tiroides baja, es un trastorno del sistema endocrino en el cual la glándula tiroides no produce suficiente hormona tiroidea.;Evitar alimentos ricos en yodo: Reducir el consumo de alimentos como algas marinas, pescados y productos lácteos, ya que estos pueden aumentar la producción de hormona tiroidea.;Seguir el tratamiento con antitiroideos: Tomar los medicamentos prescritos por el médico para bloquear la producción excesiva de hormonas tiroideas y controlar los síntomas.;Mantener una dieta equilibrada: Consumir alimentos ricos en nutrientes y evitar estimulantes como la cafeína, que pueden agravar los síntomas de nerviosismo y taquicardia.;Realizar controles médicos regulares: Asistir a chequeos periódicos para monitorear los niveles hormonales y ajustar el tratamiento si es necesario.;Practicar una rutina de sueño regular: Acostarse y despertarse a la misma hora todos los días, incluso los fines de semana, ayuda a regular el reloj biológico y mejora la calidad del sueño, lo cual contribuye a reducir los niveles de estrés.
Psoriasis;Psoriasis is a common skin disorder that forms thick, red, bumpy patches covered with silvery scales. They can pop up anywhere, but most appear on the scalp, elbows, knees, and lower back. Psoriasis can't be passed from person to person. It does sometimes happen in members of the same family.;wash hands with warm soapy water;stop bleeding using pressure;consult doctor;salt baths;Psoriasis;La psoriasis es un trastorno cutáneo común que forma manchas gruesas, rojas y elevadas cubiertas con escamas plateadas. Pueden aparecer en cualquier parte del cuerpo, pero la mayoría se presenta en el cuero cabelludo, los codos, las rodillas y la parte baja de la espalda. La psoriasis no se transmite de persona a persona, aunque a veces ocurre en miembros de la misma familia.;Hidratar la piel diariamente: Aplicar cremas humectantes después del baño para evitar la sequedad y aliviar los síntomas de la psoriasis.;Evitar factores desencadenantes: Identificar y evitar desencadenantes como el estrés, lesiones en la piel o infecciones que puedan empeorar la condición.;Tomar baños de avena o sales de Epsom: Realizar baños templados con avena coloidal o sales de Epsom para aliviar el picor y la inflamación.;Exposición controlada al sol: Tomar el sol de forma moderada y protegida, ya que la luz solar puede mejorar las lesiones psoriásicas.;Seguir el tratamiento médico indicado: Utilizar los medicamentos tópicos o sistémicos prescritos por el dermatólogo para controlar los brotes.
GERD;Gastroesophageal reflux disease, or GERD, is a digestive disorder that affects the lower esophageal sphincter (LES), the ring of muscle between the esophagus and stomach. Many people, including pregnant women, suffer from heartburn or acid indigestion caused by GERD.;avoid fatty spicy food;avoid lying down after eating;maintain healthy weight;exercise;GERD;La enfermedad por reflujo gastroesofágico (ERGE) es un trastorno digestivo que afecta al esfínter esofágico inferior (EEI), el anillo muscular entre el esófago y el estómago. Muchas personas, incluidas las mujeres embarazadas, sufren de acidez o indigestión ácida causada por la ERGE.;Evitar comidas ácidas y picantes: Reducir el consumo de alimentos como cítricos, tomate y especias que pueden irritar el esófago y empeorar los síntomas.;No acostarse inmediatamente después de comer: Esperar al menos dos a tres horas antes de acostarse para permitir que los alimentos se digieran correctamente.;Elevar la cabecera de la cama: Dormir con la cabeza elevada para evitar el reflujo de ácido hacia el esófago mientras se está acostado.;Mantener un peso saludable: Perder peso si se tiene sobrepeso, ya que el exceso de peso puede aumentar la presión abdominal y empeorar los síntomas de reflujo.;Evitar el alcohol y la cafeína: Limitar o evitar el consumo de bebidas alcohólicas y cafeinadas, ya que pueden relajar el esfínter esofágico inferior y aumentar el reflujo.
Chronic cholestasis;Chronic cholestatic diseases, whether occurring in infancy, childhood or adulthood, are characterized by defective bile acid transport from the liver to the intestine, which is caused by primary damage to the biliary epithelium in most cases;cold baths;anti itch medicine;consult doctor;eat healthy;Colestásicas crónicas;Las enfermedades colestásicas crónicas, ya sean en la infancia, niñez o edad adulta, se caracterizan por un transporte defectuoso de ácidos biliares del hígado al intestino, lo cual en la mayoría de los casos es causado por un daño primario al epitelio biliar.;Seguir una dieta baja en grasas: Consumir alimentos bajos en grasas para reducir la carga sobre el hígado y mejorar el flujo biliar.;Tomar suplementos de vitaminas liposolubles: Consultar con el médico sobre la suplementación con vitaminas A, D, E y K debido a la mala absorción de grasas.;Evitar el consumo de alcohol: Abstenerse de consumir alcohol, ya que puede empeorar la función hepática y aumentar el riesgo de daño hepático.;Mantener una hidratación adecuada: Beber suficiente agua para ayudar al hígado a funcionar correctamente y eliminar toxinas del cuerpo.;Consultar al médico regularmente: Realizar controles periódicos para monitorear la función hepática y ajustar el tratamiento según sea necesario.
hepatitis A;Hepatitis A is a highly contagious liver infection caused by the hepatitis A virus. The virus is one of several types of hepatitis viruses that cause inflammation and affect your liver's ability to function.;Consult nearest hospital;wash hands through;avoid fatty spicy food;medication;Hepatitis A;La hepatitis A es una infección hepática altamente contagiosa causada por el virus de la hepatitis A. Este virus es uno de varios tipos de virus de la hepatitis que causan inflamación y afectan la capacidad del hígado para funcionar.;Vacunarse contra la hepatitis A: Recibir la vacuna para prevenir la infección, especialmente antes de viajar a zonas donde la hepatitis A es común.;Evitar el consumo de agua no tratada: Beber solo agua embotellada o hervida para evitar la transmisión del virus por agua contaminada.;Lavar bien las frutas y verduras: Asegurarse de limpiar adecuadamente los alimentos antes de consumirlos para evitar la ingesta del virus.;Mantener una buena higiene de manos: Lavar las manos con agua y jabón antes de comer y después de usar el baño para prevenir el contagio.;Evitar alimentos crudos o mal cocidos: Consumir solo alimentos bien cocidos para reducir el riesgo de infección por el virus de la hepatitis A.
Osteoarthristis;Osteoarthritis is the most common form of arthritis, affecting millions of people worldwide. It occurs when the protective cartilage that cushions the ends of your bones wears down over time.;acetaminophen;consult nearest hospital;follow up;salt baths;Osteoartritis;La osteoartritis es la forma más común de artritis, y afecta a millones de personas en todo el mundo. Ocurre cuando el cartílago protector que amortigua los extremos de los huesos se desgasta con el tiempo.;Mantener un peso saludable: Bajar de peso si es necesario para reducir la carga sobre las articulaciones y disminuir el dolor asociado a la osteoartritis.;Realizar ejercicios de bajo impacto: Participar en actividades como caminar, nadar o andar en bicicleta para fortalecer los músculos sin dañar las articulaciones.;Aplicar compresas calientes o frías: Utilizar calor para relajar los músculos o frío para reducir la inflamación y el dolor en las articulaciones afectadas.;Utilizar dispositivos de apoyo: Emplear bastones o rodilleras para reducir la tensión en las articulaciones y facilitar la movilidad.;Consultar a un fisioterapeuta: Seguir un plan de ejercicios diseñado por un fisioterapeuta para mejorar la flexibilidad y la fuerza de las articulaciones.
(vertigo) Paroymsal  Positional Vertigo;Benign paroxysmal positional vertigo (BPPV) is one of the most common causes of vertigo â€” the sudden sensation that you're spinning or that the inside of your head is spinning. Benign paroxysmal positional vertigo causes brief episodes of mild to intense dizziness.;lie down;avoid sudden change in body;avoid abrupt head movment;relax;Vértigo posicional paroxístico;El vértigo posicional paroxístico benigno (VPPB) es una de las causas más comunes de vértigo, que es la sensación repentina de que estás girando o que el interior de tu cabeza está girando. El VPPB provoca episodios breves de mareos leves a intensos.;Evitar movimientos bruscos de la cabeza: Mover la cabeza de manera lenta y cuidadosa para reducir la probabilidad de desencadenar episodios de vértigo.;Realizar maniobras de reposicionamiento: Consultar a un médico o fisioterapeuta para realizar maniobras como Epley para recolocar los cristales del oído interno.;Dormir con la cabeza elevada: Usar almohadas adicionales para mantener la cabeza elevada y evitar que el vértigo se presente durante el sueño.;Evitar actividades riesgosas: Abstenerse de conducir, usar maquinaria pesada o realizar actividades que requieran equilibrio durante un episodio de vértigo.;Mantener buena hidratación: Beber suficiente agua para evitar la deshidratación, ya que esta puede empeorar los síntomas de vértigo.
Hypoglycemia; Hypoglycemia is a condition in which your blood sugar (glucose) level is lower than normal. Glucose is your body's main energy source. Hypoglycemia is often related to diabetes treatment. But other drugs and a variety of conditions â€” many rare â€” can cause low blood sugar in people who don't have diabetes.;lie down on side;check in pulse;drink sugary drinks;consult doctor;Hipoglucemia;La hipoglucemia es una condición en la cual el nivel de azúcar (glucosa) en la sangre es más bajo de lo normal. La glucosa es la principal fuente de energía del cuerpo. La hipoglucemia a menudo está relacionada con el tratamiento de la diabetes, pero otros medicamentos y diversas condiciones, muchas de ellas raras, también pueden causar un nivel bajo de azúcar en la sangre en personas que no tienen diabetes.;Consumir carbohidratos de rápida absorción: Tomar jugo de fruta, caramelos o tabletas de glucosa al primer signo de síntomas para elevar rápidamente el nivel de azúcar en sangre.;No saltarse comidas: Comer a intervalos regulares para evitar caídas en los niveles de glucosa, especialmente si se toman medicamentos para la diabetes.;Llevar siempre una fuente de azúcar: Tener a mano algún tipo de azúcar, como caramelos o tabletas de glucosa, para poder actuar rápidamente si aparecen síntomas de hipoglucemia.;Controlar los niveles de glucosa antes de realizar actividad física: Medir el nivel de glucosa antes de ejercitarse y consumir carbohidratos si el nivel está bajo.;Evitar el consumo excesivo de alcohol sin alimentos: Tomar alcohol con alimentos para reducir el riesgo de hipoglucemia, ya que el alcohol puede interferir con el control del azúcar en sangre.
Acne;Acne vulgaris is the formation of comedones, papules, pustules, nodules, and/or cysts as a result of obstruction and inflammation of pilosebaceous units (hair follicles and their accompanying sebaceous gland). Acne develops on the face and upper trunk. It most often affects adolescents.;bath twice;avoid fatty spicy food;drink plenty of water;avoid too many products;Acné;El acné vulgar es la formación de comedones, pápulas, pústulas, nódulos y/o quistes como resultado de la obstrucción e inflamación de las unidades pilosebáceas (folículos pilosos y sus glándulas sebáceas asociadas). El acné se desarrolla en el rostro y la parte superior del tronco. Afecta con mayor frecuencia a los adolescentes.;Mantener la piel limpia: Lavar el rostro dos veces al día con un limpiador suave para eliminar el exceso de grasa y prevenir obstrucciones.;No tocar ni reventar los granos: Evitar manipular el acné para prevenir infecciones y reducir el riesgo de cicatrices permanentes.;Usar productos no comedogénicos: Elegir cosméticos y productos para el cuidado de la piel etiquetados como no comedogénicos para evitar la obstrucción de los poros.;Aplicar tratamientos tópicos según lo indicado: Utilizar cremas o geles con ingredientes como peróxido de benzoilo o ácido salicílico bajo la recomendación de un dermatólogo.;Evitar la exposición prolongada al sol: Usar protector solar y evitar el sol intenso, ya que algunos tratamientos para el acné pueden aumentar la sensibilidad al sol.
Diabetes;Diabetes is a disease that occurs when your blood glucose, also called blood sugar, is too high. Blood glucose is your main source of energy and comes from the food you eat. Insulin, a hormone made by the pancreas, helps glucose from food get into your cells to be used for energy.;have balanced diet;exercise;consult doctor;follow up;Diabetes;La diabetes es una enfermedad que ocurre cuando el nivel de glucosa en la sangre, también llamada azúcar en la sangre, es demasiado alto. La glucosa es la principal fuente de energía del cuerpo y proviene de los alimentos que consumes. La insulina, una hormona producida por el páncreas, ayuda a que la glucosa de los alimentos ingrese a las células para ser utilizada como energía.;Monitorear regularmente los niveles de glucosa: Controlar el azúcar en sangre varias veces al día para ajustar el tratamiento y prevenir complicaciones.;Seguir una dieta equilibrada: Consumir alimentos ricos en fibra y evitar azúcares refinados para mantener estables los niveles de glucosa en sangre.;Hacer ejercicio regularmente: Realizar actividad física moderada para mejorar la sensibilidad a la insulina y controlar los niveles de azúcar en sangre.;Tomar los medicamentos según lo recetado: Seguir las indicaciones médicas para la insulina o medicamentos orales para mantener el control adecuado de la glucosa.;Asistir a chequeos médicos frecuentes: Realizar visitas regulares al médico para monitorear la salud general y prevenir complicaciones asociadas a la diabetes.
Impetigo;Impetigo (im-puh-TIE-go) is a common and highly contagious skin infection that mainly affects infants and children. Impetigo usually appears as red sores on the face, especially around a child's nose and mouth, and on hands and feet. The sores burst and develop honey-colored crusts.;soak affected area in warm water;use antibiotics;remove scabs with wet compressed cloth;consult doctor;Impetigo;El impétigo es una infección cutánea común y altamente contagiosa que afecta principalmente a bebés y niños. El impétigo suele aparecer como llagas rojas en el rostro, especialmente alrededor de la nariz y la boca del niño, y en las manos y pies. Las llagas se rompen y desarrollan costras de color miel.;Mantener la zona afectada limpia: Lavar la zona afectada con agua y jabón suave para prevenir la propagación del impétigo a otras partes del cuerpo.;No compartir objetos personales: Evitar compartir toallas, ropa o utensilios personales para reducir el riesgo de transmisión del impétigo.;Cubrir las llagas: Aplicar gasas o vendajes sobre las llagas para evitar el contacto y disminuir el riesgo de propagación del impétigo.;Seguir el tratamiento antibiótico: Usar antibióticos tópicos u orales según las indicaciones del médico para tratar el impétigo.;Evitar rascarse las lesiones: No rascarse las llagas para evitar que empeoren o se infecten aún más.
Hypertension;Hypertension (HTN or HT), also known as high blood pressure (HBP), is a long-term medical condition in which the blood pressure in the arteries is persistently elevated. High blood pressure typically does not cause symptoms.;meditation;salt baths;reduce stress;get proper sleep;Hipertensión;La hipertensión (HTA), también conocida como presión arterial alta, es una condición médica a largo plazo en la que la presión arterial en las arterias se mantiene persistentemente elevada. La presión arterial alta generalmente no causa síntomas.;Reducir el consumo de sal: Limitar la ingesta de sal en la dieta para ayudar a controlar la presión arterial alta.;Mantener un peso saludable: Reducir el sobrepeso para disminuir la presión sobre el corazón y mejorar el control de la hipertensión.;Realizar actividad física regularmente: Hacer ejercicio moderado para mejorar la salud cardiovascular y reducir los niveles de presión arterial.;Reducir el estrés: Practicar técnicas de relajación como meditación o yoga para disminuir los niveles de estrés, que pueden afectar la presión arterial.;Monitorear la presión arterial: Controlar la presión arterial en casa de manera regular para evaluar la efectividad del tratamiento.
Peptic ulcer diseae;Peptic ulcer disease (PUD) is a break in the inner lining of the stomach, the first part of the small intestine, or sometimes the lower esophagus. An ulcer in the stomach is called a gastric ulcer, while one in the first part of the intestines is a duodenal ulcer.;avoid fatty spicy food;consume probiotic food;eliminate milk;limit alcohol;Úlcera péptica;La úlcera péptica es una ruptura en el revestimiento interno del estómago, la primera parte del intestino delgado o, a veces, el esófago inferior. Una úlcera en el estómago se llama úlcera gástrica, mientras que una en la primera parte del intestino se denomina úlcera duodenal.;Evitar comidas irritantes: Limitar alimentos picantes, cítricos y grasas que puedan irritar la mucosa gástrica y empeorar los síntomas.;Tomar los medicamentos según lo indicado: Seguir el tratamiento médico recetado para reducir la acidez estomacal y promover la cicatrización de la úlcera.;Evitar el consumo de alcohol y tabaco: Abstenerse de fumar y beber alcohol, ya que ambos factores pueden empeorar las úlceras pépticas.;Comer pequeñas porciones: Realizar varias comidas pequeñas durante el día para evitar sobrecargar el estómago y reducir el riesgo de irritación.;Dormir con la cabecera elevada: Elevar la cabecera de la cama para evitar el reflujo ácido durante la noche y mejorar los síntomas de la úlcera.
Dimorphic hemorrhoids(piles);Hemorrhoids, also spelled haemorrhoids, are vascular structures in the anal canal. In their ... Other names, Haemorrhoids, piles, hemorrhoidal disease .;avoid fatty spicy food;consume witch hazel;warm bath with epsom salt;consume alovera juice;Hemorroides dimórficas;Las hemorroides, también conocidas como almorranas, son estructuras vasculares en el canal anal. En su estado normal, ayudan al control de las heces, pero cuando se inflaman o hinchan, se convierten en una condición dolorosa llamada enfermedad hemorroidal.;Evitar el esfuerzo al defecar: No hacer esfuerzos excesivos para evitar aumentar la presión en las venas del recto y prevenir el empeoramiento de las hemorroides.;Mantener una buena higiene: Limpiar la zona afectada suavemente después de cada evacuación para reducir la irritación y prevenir infecciones.;Aplicar compresas frías: Utilizar compresas frías para reducir la inflamación y aliviar el dolor asociado con las hemorroides.;Utilizar baños de asiento: Hacer baños de asiento en agua tibia durante 15-20 minutos varias veces al día para aliviar el dolor y la inflamación.;Consumir una dieta rica en fibra: Incluir frutas, verduras y granos integrales en la dieta para evitar el estreñimiento y reducir la presión en las hemorroides.
Common Cold;The common cold is a viral infection of your nose and throat (upper respiratory tract). It's usually harmless, although it might not feel that way. Many types of viruses can cause a common cold.;drink vitamin c rich drinks;take vapour;avoid cold food;keep fever in check;Resfriado común;El resfriado común es una infección viral que afecta la nariz y la garganta (tracto respiratorio superior). Generalmente es inofensivo, aunque puede no parecerlo. Muchos tipos de virus pueden causar un resfriado común.;Descansar adecuadamente: Dormir lo suficiente para permitir que el sistema inmunológico combata el virus del resfriado.;Mantenerse bien hidratado: Beber líquidos calientes como infusiones para aliviar la congestión y mantener la garganta hidratada.;Usar pañuelos desechables: Utilizar pañuelos de un solo uso al toser o estornudar para evitar la transmisión del resfriado.;Evitar cambios bruscos de temperatura: Protegerse del frío y evitar cambios de temperatura que puedan empeorar los síntomas del resfriado.;Tomar descongestionantes si es necesario: Utilizar medicamentos descongestionantes de venta libre para aliviar la congestión nasal según indicación médica.
Chicken pox;Chickenpox is a highly contagious disease caused by the varicella-zoster virus (VZV). It can cause an itchy, blister-like rash. The rash first appears on the chest, back, and face, and then spreads over the entire body, causing between 250 and 500 itchy blisters.;use neem in bathing ;consume neem leaves;take vaccine;avoid public places;Varicela;La varicela es una enfermedad altamente contagiosa causada por el virus de la varicela-zóster (VZV). Puede provocar un sarpullido con picazón y ampollas. El sarpullido aparece primero en el pecho, la espalda y el rostro, y luego se extiende por todo el cuerpo, causando entre 250 y 500 ampollas con picazón.;Evitar el contacto con otras personas: Mantenerse aislado para reducir la propagación del virus de la varicela a personas no inmunizadas.;Aplicar loción de calamina: Utilizar calamina en las erupciones cutáneas para aliviar el picor y la irritación causada por la varicela.;Mantener las uñas cortas: Cortar las uñas para evitar rascarse las erupciones y reducir el riesgo de infecciones secundarias.;Descansar adecuadamente: Mantener reposo durante la fase activa de la varicela para facilitar la recuperación.;Evitar alimentos que puedan irritar las lesiones: No consumir alimentos salados o ácidos que puedan empeorar la irritación de las erupciones de la varicela.
Cervical spondylosis;Cervical spondylosis is a general term for age-related wear and tear affecting the spinal disks in your neck. As the disks dehydrate and shrink, signs of osteoarthritis develop, including bony projections along the edges of bones (bone spurs).;use heating pad or cold pack;exercise;take otc pain reliver;consult doctor;Espondilosis cervical;La espondilosis cervical es un término general para el desgaste relacionado con la edad que afecta los discos de la columna en el cuello. A medida que los discos se deshidratan y encogen, aparecen signos de osteoartritis, incluidos los crecimientos óseos a lo largo de los bordes de los huesos (espolones óseos).;Mantener una buena postura: Practicar una postura correcta para reducir la tensión en el cuello y aliviar el dolor de la espondilosis cervical.;Realizar ejercicios de fisioterapia: Consultar a un fisioterapeuta para realizar ejercicios que fortalezcan el cuello y mejoren la movilidad.;Aplicar compresas calientes o frías: Utilizar compresas para aliviar el dolor y la inflamación en el área del cuello.;Evitar levantar objetos pesados: No cargar objetos que puedan agravar el dolor cervical y empeorar la espondilosis.;Dormir con una almohada adecuada: Usar una almohada que soporte bien el cuello y mantenga la alineación adecuada durante el descanso.
Hyperthyroidism;Hyperthyroidism (overactive thyroid) occurs when your thyroid gland produces too much of the hormone thyroxine. Hyperthyroidism can accelerate your body's metabolism, causing unintentional weight loss and a rapid or irregular heartbeat.;eat healthy;massage;use lemon balm;take radioactive iodine treatment;Hipertiroidismo;El hipertiroidismo (tiroides hiperactiva) ocurre cuando la glándula tiroides produce demasiada hormona tiroxina. El hipertiroidismo puede acelerar el metabolismo del cuerpo, provocando pérdida de peso involuntaria y un ritmo cardíaco rápido o irregular.;Tomar medicamentos antitiroideos: Seguir las indicaciones médicas para reducir la producción excesiva de hormonas tiroideas.;Evitar el consumo de yodo: Limitar la ingesta de alimentos ricos en yodo como algas marinas y mariscos, ya que pueden empeorar el hipertiroidismo.;Controlar el estrés: Practicar técnicas de relajación como el yoga o la meditación para reducir el estrés y minimizar los síntomas.;Realizar chequeos médicos regulares: Asistir a controles periódicos para ajustar el tratamiento del hipertiroidismo según sea necesario.;Evitar el ejercicio intenso: Limitar actividades físicas intensas que puedan agravar los síntomas del hipertiroidismo, como la taquicardia.
Urinary tract infection;Urinary tract infection: An infection of the kidney, ureter, bladder, or urethra. Abbreviated UTI. Not everyone with a UTI has symptoms, but common symptoms include a frequent urge to urinate and pain or burning when urinating.;drink plenty of water;increase vitamin c intake;drink cranberry juice;take probiotics;Infección del tracto urinario;Infección del tracto urinario: Una infección en el riñón, uréter, vejiga o uretra. Abreviada como ITU. No todas las personas con una ITU presentan síntomas, pero los síntomas comunes incluyen una necesidad frecuente de orinar y dolor o ardor al hacerlo.;Beber abundante agua: Mantenerse bien hidratado para ayudar a eliminar la bacteria causante de la infección del tracto urinario.;Orinar con frecuencia: No aguantar las ganas de orinar, ya que esto ayuda a reducir la multiplicación de bacterias en la vejiga.;Consumir jugo de arándano: Beber jugo de arándano sin azúcar, ya que puede ayudar a prevenir la adhesión de bacterias a las paredes del tracto urinario.;Tomar el antibiótico según lo indicado: Seguir el tratamiento con antibióticos recetados por el médico para eliminar completamente la infección.;Mantener una buena higiene: Limpiar la zona genital de adelante hacia atrás para evitar la transferencia de bacterias y prevenir la infección.
Varicose veins;A vein that has enlarged and twisted, often appearing as a bulging, blue blood vessel that is clearly visible through the skin. Varicose veins are most common in older adults, particularly women, and occur especially on the legs.;lie down flat and raise the leg high;use oinments;use vein compression;dont stand still for long;Venas varicosas;Una vena que se ha agrandado y torcido, que a menudo aparece como un vaso sanguíneo abultado y azul que es claramente visible a través de la piel. Las venas varicosas son más comunes en adultos mayores, particularmente en mujeres, y ocurren especialmente en las piernas.;Elevar las piernas regularmente: Mantener las piernas elevadas durante el descanso para mejorar el retorno venoso y reducir la hinchazón.;Usar medias de compresión: Utilizar medias de compresión para mejorar la circulación y reducir el dolor y la hinchazón en las piernas.;Mantener un peso saludable: Bajar de peso si es necesario para reducir la presión sobre las venas y aliviar los síntomas de las varices.;Evitar estar de pie por largos periodos: Tomar descansos regulares para caminar o sentarse, evitando estar de pie durante mucho tiempo.;Realizar actividad física moderada: Caminar o hacer ejercicios suaves para mejorar la circulación sanguínea y reducir el riesgo de complicaciones.
AIDS;Acquired immunodeficiency syndrome (AIDS) is a chronic, potentially life-threatening condition caused by the human immunodeficiency virus (HIV). By damaging your immune system, HIV interferes with your body's ability to fight infection and disease.;avoid open cuts;wear ppe if possible;consult doctor;follow up;SIDA;El síndrome de inmunodeficiencia adquirida (SIDA) es una condición crónica, potencialmente mortal, causada por el virus de la inmunodeficiencia humana (VIH). Al dañar el sistema inmunológico, el VIH interfiere con la capacidad del cuerpo para combatir infecciones y enfermedades.;Tomar medicamentos antirretrovirales: Seguir el tratamiento antirretroviral para reducir la carga viral y evitar la progresión del SIDA.;Mantener prácticas sexuales seguras: Utilizar preservativos para evitar la transmisión del VIH a otras personas y prevenir nuevas infecciones.;Realizar chequeos médicos regulares: Asistir a controles periódicos para monitorear el estado de salud y ajustar el tratamiento antirretroviral.;Mantener una dieta equilibrada: Consumir alimentos saludables y evitar drogas y alcohol para fortalecer el sistema inmunológico.;Evitar el contacto con sangre infectada: Tomar precauciones en situaciones donde pueda haber contacto con sangre, como primeros auxilios o prácticas médicas.
Paralysis (brain hemorrhage);Intracerebral hemorrhage (ICH) is when blood suddenly bursts into brain tissue, causing damage to your brain. Symptoms usually appear suddenly during ICH. They include headache, weakness, confusion, and paralysis, particularly on one side of your body.;massage;eat healthy;exercise;consult doctor;Parálisis (hemorragia cerebral);La hemorragia intracerebral (HIC) ocurre cuando la sangre estalla repentinamente en el tejido cerebral, causando daño al cerebro. Los síntomas suelen aparecer de forma repentina durante la HIC, incluyendo dolor de cabeza, debilidad, confusión y parálisis, particularmente en un lado del cuerpo.;Consultar al médico de inmediato: Buscar atención médica urgente si se presentan síntomas de hemorragia cerebral, como debilidad repentina o dificultad para hablar.;Rehabilitación temprana: Iniciar la fisioterapia lo antes posible para mejorar la movilidad y prevenir complicaciones en pacientes con parálisis.;Evitar el esfuerzo físico: No realizar actividades que aumenten la presión intracraneal, como levantar objetos pesados o hacer ejercicio intenso.;Controlar la presión arterial: Tomar medicamentos para mantener la presión arterial bajo control y reducir el riesgo de hemorragia cerebral.;Participar en programas de rehabilitación: Seguir las recomendaciones del equipo médico para mejorar la calidad de vida y fomentar la recuperación.
Typhoid;An acute illness characterized by fever caused by infection with the bacterium Salmonella typhi. Typhoid fever has an insidious onset, with fever, headache, constipation, malaise, chills, and muscle pain. Diarrhea is uncommon, and vomiting is not usually severe.;eat high calorie vegitables;antiboitic therapy;consult doctor;medication;Tifoidea;La fiebre tifoidea es una enfermedad aguda caracterizada por fiebre causada por la infección con la bacteria Salmonella typhi. La fiebre tifoidea tiene un inicio insidioso, con fiebre, dolor de cabeza, estreñimiento, malestar, escalofríos y dolor muscular. La diarrea es poco común, y los vómitos generalmente no son graves.;Vacunarse antes de viajar: Aplicarse la vacuna contra la fiebre tifoidea si se va a visitar áreas donde la enfermedad es común.;Beber solo agua potable: Asegurarse de consumir agua segura, ya sea embotellada o hervida, para evitar el contagio de la fiebre tifoidea.;Seguir el tratamiento con antibióticos: Tomar los antibióticos recetados durante el tiempo indicado para eliminar la infección y evitar complicaciones.;Mantener una buena higiene de manos: Lavar las manos antes de comer y después de ir al baño para prevenir la propagación de la fiebre tifoidea.;Evitar alimentos crudos o mal cocidos: Consumir solo alimentos bien cocidos para reducir el riesgo de contagio de la fiebre tifoidea.
Hepatitis B;Hepatitis B is an infection of your liver. It can cause scarring of the organ, liver failure, and cancer. It can be fatal if it isn't treated. It's spread when people come in contact with the blood, open sores, or body fluids of someone who has the hepatitis B virus.;consult nearest hospital;vaccination;eat healthy;medication;Hepatitis B;La hepatitis B es una infección del hígado. Puede causar cicatrización del órgano, insuficiencia hepática y cáncer. Puede ser fatal si no se trata. Se transmite cuando las personas entran en contacto con la sangre, llagas abiertas o fluidos corporales de alguien que tiene el virus de la hepatitis B.;Vacunarse contra la hepatitis B: Recibir la vacuna para prevenir la infección, especialmente si se tiene mayor riesgo de exposición.;Evitar compartir objetos personales: No compartir agujas, cepillos de dientes u otros artículos que puedan estar contaminados con el virus.;Monitorear la función hepática: Realizar pruebas periódicas para evaluar el estado del hígado y detectar posibles complicaciones.;Evitar el consumo de alcohol: No consumir alcohol, ya que puede empeorar el daño hepático en personas infectadas con hepatitis B.;Seguir el tratamiento médico indicado: Tomar los medicamentos recetados y seguir las recomendaciones del médico para evitar complicaciones hepáticas.
Fungal infection;In humans, fungal infections occur when an invading fungus takes over an area of the body and is too much for the immune system to handle. Fungi can live in the air, soil, water, and plants. There are also some fungi that live naturally in the human body. Like many microbes, there are helpful fungi and harmful fungi.;bath twice;use detol or neem in bathing water;keep infected area dry;use clean cloths;Infección por hongos;En los seres humanos, las infecciones fúngicas ocurren cuando un hongo invasor se apodera de un área del cuerpo y es demasiado para que el sistema inmunológico lo controle. Los hongos pueden vivir en el aire, el suelo, el agua y las plantas. También hay algunos hongos que viven de manera natural en el cuerpo humano. Al igual que muchos microbios, existen hongos beneficiosos y hongos dañinos.;Mantener el área afectada seca: Asegurarse de secar bien las áreas propensas a infecciones fúngicas, como los pies y las axilas, para evitar el crecimiento del hongo.;Usar ropa suelta y transpirable: Utilizar prendas de algodón para permitir la ventilación y reducir la humedad en las áreas afectadas.;Aplicar tratamientos antimicóticos: Usar cremas o polvos antimicóticos según lo indicado para tratar la infección y prevenir su propagación.;Evitar compartir artículos personales: No compartir toallas, ropa o zapatos para reducir el riesgo de transmisión de infecciones fúngicas.;Mantener una buena higiene: Lavar las áreas afectadas con agua y jabón suave para prevenir infecciones secundarias.
Hepatitis C;Inflammation of the liver due to the hepatitis C virus (HCV), which is usually spread via blood transfusion (rare), hemodialysis, and needle sticks. The damage hepatitis C does to the liver can lead to cirrhosis and its complications as well as cancer.;Consult nearest hospital;vaccination;eat healthy;medication;Hepatitis C;La hepatitis C es una inflamación del hígado causada por el virus de la hepatitis C (VHC), que generalmente se transmite a través de transfusiones de sangre (raras), hemodiálisis y pinchazos con agujas. El daño que la hepatitis C causa al hígado puede llevar a la cirrosis y sus complicaciones, así como al cáncer.;Evitar el consumo de alcohol: No consumir alcohol, ya que puede empeorar el daño hepático y dificultar la recuperación.;Seguir el tratamiento antiviral: Tomar medicamentos antivirales según lo indicado por el médico para controlar el virus y reducir la progresión de la enfermedad.;Vacunarse contra la hepatitis A y B: Recibir las vacunas para prevenir infecciones adicionales que podrían agravar la condición del hígado.;Evitar compartir agujas o jeringas: No compartir equipos de inyección para prevenir la transmisión del virus de hepatitis C.;Monitorear la función hepática regularmente: Realizar análisis de sangre periódicos para evaluar la función hepática y ajustar el tratamiento según los resultados.
Migraine;A migraine can cause severe throbbing pain or a pulsing sensation, usually on one side of the head. It's often accompanied by nausea, vomiting, and extreme sensitivity to light and sound. Migraine attacks can last for hours to days, and the pain can be so severe that it interferes with your daily activities.;meditation;reduce stress;use poloroid glasses in sun;consult doctor;Migraña;Una migraña puede causar un dolor pulsátil intenso o una sensación de latido, generalmente en un lado de la cabeza. A menudo se acompaña de náuseas, vómitos y una sensibilidad extrema a la luz y el sonido. Los ataques de migraña pueden durar desde horas hasta días, y el dolor puede ser tan severo que interfiere con las actividades diarias.;Descansar en un lugar tranquilo: Permanecer en una habitación oscura y silenciosa durante un ataque de migraña para aliviar el dolor y reducir los síntomas.;Evitar la cafeína y otros estimulantes: Limitar el consumo de café y bebidas energéticas, ya que pueden empeorar los síntomas de la migraña.;Mantener un horario de sueño regular: Dormir y despertarse a la misma hora todos los días para reducir la frecuencia de los ataques de migraña.;Tomar medicamentos según lo recetado: Seguir el tratamiento médico con analgésicos y otros medicamentos para controlar los síntomas de la migraña.;Identificar y evitar desencadenantes: Mantener un registro de alimentos y actividades para identificar factores que desencadenan las migrañas y evitarlos.
Bronchial Asthma;Bronchial asthma is a medical condition which causes the airway path of the lungs to swell and narrow. Due to this swelling, the air path produces excess mucus making it hard to breathe, which results in coughing, short breath, and wheezing. The disease is chronic and interferes with daily working.;switch to loose cloothing;take deep breaths;get away from trigger;seek help;Asma bronquial;El asma bronquial es una condición médica que causa que las vías respiratorias se hinchen y estrechen.;Evitar los desencadenantes del asma: Identificar y evitar desencadenantes como polvo, polen y humo para prevenir crisis asmáticas.;Usar inhaladores según lo recetado: Seguir las indicaciones médicas para el uso de inhaladores para controlar los síntomas del asma.;Mantener la actividad física: Realizar ejercicios moderados como caminar o nadar para mejorar la función pulmonar y reducir la frecuencia de ataques.;Mantener un ambiente libre de alérgenos: Mantener el hogar limpio y libre de polvo y alérgenos para reducir los desencadenantes del asma.;Tomar los medicamentos preventivos según sea necesario: Consultar al médico sobre medicamentos para prevenir ataques graves de asma.
Alcoholic hepatitis;Alcoholic hepatitis is a diseased, inflammatory condition of the liver caused by heavy alcohol consumption over an extended period of time. It's also aggravated by binge drinking and ongoing alcohol use. If you develop this condition, you must stop drinking alcohol;stop alcohol consumption;consult doctor;medication;follow up;Hepatitis alcohólica;La hepatitis alcohólica es una condición inflamatoria del hígado causada por el consumo excesivo de alcohol durante un período prolongado. También se agrava por el consumo excesivo episódico de alcohol y el consumo continuo. Si desarrollas esta condición, debes dejar de consumir alcohol.;Dejar de consumir alcohol inmediatamente: Suspender por completo el consumo de alcohol para reducir el daño al hígado y mejorar la función hepática.;Mantener una dieta equilibrada: Consumir una dieta rica en nutrientes y baja en grasas para apoyar la función hepática y mejorar la salud general.;Consultar a un médico especializado: Realizar controles regulares con un hepatólogo para monitorear el estado del hígado y ajustar el tratamiento según sea necesario.;Participar en grupos de apoyo: Unirse a un grupo de apoyo para compartir experiencias y recibir orientación sobre cómo manejar la hepatitis alcohólica.;Recibir tratamiento nutricional: Trabajar con un nutricionista para diseñar una dieta que apoye la recuperación del hígado y mantenga un buen estado nutricional.
Jaundice;"Yellow staining of the skin and sclerae (the whites of the eyes) by abnormally high blood levels of the bile pigment bilirubin. The yellowing extends to other tissues and body fluids. Jaundice was once called the ""morbus regius"" (the regal disease) in the belief that only the touch of a king could cure it";drink plenty of water;consume milk thistle;eat fruits and high fiberous food;medication;Ictericia;"La ictericia es una coloración amarilla de la piel y las escleróticas (el blanco de los ojos) debido a niveles anormalmente altos del pigmento biliar bilirrubina en la sangre. El amarillamiento se extiende a otros tejidos y fluidos corporales. La ictericia solía llamarse ""morbus regius"" (mal del rey) por la creencia de que solo el toque de un rey podía curarla";Evitar el consumo de alcohol: Abstenerse de consumir alcohol para reducir la carga sobre el hígado y mejorar la función hepática.;Mantener una dieta baja en grasas: Consumir alimentos fáciles de digerir y bajos en grasas para facilitar la función hepática.;Realizar chequeos médicos regulares: Monitorear los niveles de bilirrubina y la función hepática para evaluar el progreso de la ictericia.;Evitar medicamentos hepatotóxicos: No tomar medicamentos que puedan afectar negativamente la función hepática sin la supervisión de un médico.;Consumir alimentos ricos en antioxidantes: Incluir frutas y verduras ricas en antioxidantes para apoyar la recuperación hepática.
Hepatitis E;A rare form of liver inflammation caused by infection with the hepatitis E virus (HEV). It is transmitted via food or drink handled by an infected person or through infected water supplies in areas where fecal matter may get into the water. Hepatitis E does not cause chronic liver disease.;stop alcohol consumption;rest;consult doctor;medication;Hepatitis E;La hepatitis E es una forma rara de inflamación del hígado causada por la infección con el virus de la hepatitis E (VHE). Se transmite a través de alimentos o bebidas manipulados por una persona infectada o mediante el suministro de agua contaminada en áreas donde la materia fecal puede entrar al agua. La hepatitis E no causa enfermedad hepática crónica.;Beber solo agua potable: Asegurarse de consumir agua embotellada o hervida para prevenir la infección por el virus de la hepatitis E.;Evitar alimentos crudos o mal cocidos: No consumir alimentos que puedan estar contaminados para reducir el riesgo de infección por hepatitis E.;Mantener una buena higiene de manos: Lavar las manos con agua y jabón antes de comer y después de ir al baño para prevenir la hepatitis E.;Descansar lo suficiente: Mantener reposo durante la fase aguda de la hepatitis E para permitir que el cuerpo combata la infección.;Evitar el contacto con personas infectadas: Mantener distancia de personas con hepatitis E para reducir el riesgo de contagio.
Dengue;an acute infectious disease caused by a flavivirus (species Dengue virus of the genus Flavivirus), transmitted by aedes mosquitoes, and characterized by headache, severe joint pain, and a rash. â€” called also breakbone fever, dengue fever.;drink papaya leaf juice;avoid fatty spicy food;keep mosquitos away;keep hydrated;Dengue;El dengue es una enfermedad infecciosa aguda causada por un flavivirus (especie virus del dengue del género Flavivirus), transmitida por mosquitos Aedes, y se caracteriza por dolor de cabeza, dolor articular severo y un sarpullido. También se le conoce como fiebre rompehuesos o fiebre del dengue.;Evitar la picadura de mosquitos: Usar repelente y dormir bajo mosquiteros para prevenir la transmisión del virus del dengue por mosquitos.;Mantenerse bien hidratado: Beber líquidos en abundancia para evitar la deshidratación, especialmente en caso de fiebre alta por dengue.;Evitar el uso de antiinflamatorios no esteroides: No tomar medicamentos como ibuprofeno, ya que pueden aumentar el riesgo de sangrado.;Consultar al médico ante síntomas graves: Buscar atención médica si se presentan síntomas graves como sangrado o dificultad para respirar.;Usar ropa de manga larga: Vestir ropa que cubra la piel para evitar las picaduras de mosquitos durante los brotes de dengue.
Hepatitis D;Hepatitis D, also known as the hepatitis delta virus, is an infection that causes the liver to become inflamed. This swelling can impair liver function and cause long-term liver problems, including liver scarring and cancer. The condition is caused by the hepatitis D virus (HDV).;consult doctor;medication;eat healthy;follow up;Hepatitis D;"La hepatitis D, también conocida como el virus de la hepatitis delta, es una infección que causa la inflamación del hígado. Esta inflamación puede afectar la función hepática y causar problemas hepáticos a largo plazo, como cicatrización del hígado y cáncer. La condición es causada por el virus de la hepatitis D (VHD).





";Vacunarse contra la hepatitis B: Recibir la vacuna contra la hepatitis B para reducir el riesgo de coinfección con hepatitis D.;Evitar compartir agujas: No compartir jeringas ni equipos médicos para prevenir la transmisión del virus de la hepatitis D.;Consultar regularmente al médico: Realizar controles periódicos para monitorear la función hepática y evaluar el riesgo de complicaciones.;Evitar el consumo de alcohol: No consumir alcohol, ya que puede empeorar el daño hepático en personas con hepatitis D.;Seguir un plan de tratamiento médico: Cumplir con el tratamiento antiviral y las indicaciones del médico para manejar la hepatitis D.
Heart attack;The death of heart muscle due to the loss of blood supply. The loss of blood supply is usually caused by a complete blockage of a coronary artery, one of the arteries that supplies blood to the heart muscle.;call ambulance;chew or swallow asprin;keep calm;;Infarto cardíaco;El infarto de miocardio o ataque al corazón, ocurre cuando el músculo cardíaco muere debido a la falta de suministro de sangre. Esta pérdida de suministro sanguíneo es generalmente causada por una obstrucción completa de una arteria coronaria, que es una de las arterias que lleva sangre al músculo del corazón.;Consultar a un médico ante dolor en el pecho: Buscar atención médica inmediata si se presenta dolor intenso en el pecho o dificultad para respirar.;Tomar medicamentos según lo recetado: Seguir el tratamiento con medicamentos como la aspirina para reducir el riesgo de otro infarto.;Adoptar una dieta saludable para el corazón: Consumir alimentos bajos en grasas saturadas y altos en fibra para mejorar la salud cardiovascular.;Participar en un programa de rehabilitación cardíaca: Realizar ejercicios supervisados y recibir orientación sobre cambios en el estilo de vida.;Evitar el estrés: Practicar técnicas de relajación como yoga o meditación para reducir el estrés y mejorar la salud cardiovascular.
Pneumonia;Pneumonia is an infection in one or both lungs. Bacteria, viruses, and fungi cause it. The infection causes inflammation in the air sacs in your lungs, which are called alveoli. The alveoli fill with fluid or pus, making it difficult to breathe.;consult doctor;medication;rest;follow up;Neumonía;La neumonía es una infección en uno o ambos pulmones. Es causada por bacterias, virus y hongos. La infección provoca inflamación en los sacos de aire de los pulmones, llamados alvéolos. Los alvéolos se llenan de líquido o pus, lo que dificulta la respiración.;Descansar adecuadamente: Permitir que el cuerpo descanse lo suficiente para combatir la infección y acelerar la recuperación de la neumonía.;Mantener una buena higiene respiratoria: Cubrirse la boca al toser o estornudar para evitar la propagación de la infección a otras personas.;Tomar los antibióticos según la receta: Completar el tratamiento con antibióticos para evitar complicaciones o recaídas de la neumonía.;Evitar el consumo de tabaco: No fumar ni exponerse al humo, ya que puede empeorar la inflamación de los pulmones y retrasar la recuperación.;Mantener una dieta equilibrada: Comer alimentos ricos en nutrientes para ayudar al cuerpo a recuperarse y fortalecer el sistema inmunológico.
Arthritis;Arthritis is the swelling and tenderness of one or more of your joints. The main symptoms of arthritis are joint pain and stiffness, which typically worsen with age. The most common types of arthritis are osteoarthritis and rheumatoid arthritis.;exercise;use hot and cold therapy;try acupuncture;massage;Artritis;La artritis es la hinchazón y sensibilidad de una o más articulaciones. Los principales síntomas de la artritis son dolor y rigidez en las articulaciones, que generalmente empeoran con la edad. Los tipos más comunes de artritis son la osteoartritis y la artritis reumatoide.;Realizar ejercicios de bajo impacto: Participar en actividades como nadar o caminar para mantener la movilidad y reducir el dolor articular.;Aplicar calor o frío en las articulaciones: Utilizar compresas calientes o frías para aliviar el dolor y la inflamación de las articulaciones.;Mantener un peso saludable: Reducir el sobrepeso para disminuir la presión sobre las articulaciones y mejorar los síntomas de la artritis.;Consultar a un fisioterapeuta: Seguir un plan de ejercicios diseñado por un fisioterapeuta para mejorar la flexibilidad y la fuerza articular.;Tomar medicamentos antiinflamatorios según lo recetado: Usar antiinflamatorios no esteroides para reducir el dolor y la inflamación de la artritis.
Gastroenteritis;Gastroenteritis is an inflammation of the digestive tract, particularly the stomach, and large and small intestines. Viral and bacterial gastroenteritis are intestinal infections associated with symptoms of diarrhea , abdominal cramps, nausea , and vomiting .;stop eating solid food for while;try taking small sips of water;rest;ease back into eating;Gastroenteritis;La gastroenteritis es una inflamación del tracto digestivo, particularmente del estómago y de los intestinos grueso y delgado. La gastroenteritis viral y bacteriana son infecciones intestinales asociadas con síntomas como diarrea, calambres abdominales, náuseas y vómitos.;Mantener una buena hidratación: Beber líquidos claros, como agua o soluciones electrolíticas, para prevenir la deshidratación.;Evitar alimentos grasosos: Limitar el consumo de alimentos que sean difíciles de digerir para no agravar los síntomas gastrointestinales.;Consumir alimentos suaves: Comer alimentos fáciles de digerir, como arroz y plátanos, para no irritar el estómago y los intestinos.;Evitar la cafeína y el alcohol: No consumir estas sustancias, ya que pueden deshidratar el cuerpo y empeorar los síntomas.;Lavar las manos con frecuencia: Mantener una buena higiene de manos para evitar la propagación de la infección a otras personas.
Tuberculosis;Tuberculosis (TB) is an infectious disease usually caused by Mycobacterium tuberculosis (MTB) bacteria. Tuberculosis generally affects the lungs, but can also affect other parts of the body. Most infections show no symptoms, in which case it is known as latent tuberculosis.;cover mouth;consult doctor;medication;rest;Tuberculosis;La tuberculosis (TB) es una enfermedad infecciosa generalmente causada por la bacteria Mycobacterium tuberculosis (MTB). La tuberculosis afecta principalmente a los pulmones, pero también puede afectar otras partes del cuerpo. La mayoría de las infecciones no presentan síntomas, en cuyo caso se conoce como tuberculosis latente.;Tomar los medicamentos según lo indicado: Seguir el tratamiento completo con antibióticos para asegurar la eliminación del bacilo de la tuberculosis.;Mantener el aislamiento durante la fase activa: Evitar el contacto cercano con otras personas para reducir el riesgo de contagio.;Realizar controles médicos periódicos: Asistir a chequeos regulares para monitorear la respuesta al tratamiento y detectar complicaciones.;Mantener una buena nutrición: Consumir alimentos ricos en nutrientes para fortalecer el sistema inmunológico y ayudar al cuerpo a combatir la infección.;Evitar el contacto con personas vulnerables: No acercarse a personas con sistemas inmunológicos debilitados hasta completar el tratamiento.
